NOMBRE;APELLIDO;EMAIL;TRABAJO;LUGAR
Inteligente Algodón Pizza;506.00;Artesanal;Decoración;https://loremflickr.com/640/480/food
Refinado Metal Ensalada;128.00;Sorprendente;Librería;https://loremflickr.com/640/480/food
Pequeño Algodón Camiseta;688.00;Ergonómico;Cine;https://loremflickr.com/640/480/food
Ergonómico Metal Camiseta;546.00;Sabroso;Moda;https://loremflickr.com/640/480/food
Increible Madera Atún;173.00;Increible;Parafarmacia;https://loremflickr.com/640/480/food
Guapa Ladrillo Pelota;573.00;Artesanal;Hogar;https://loremflickr.com/640/480/food
Guapo Plástico Gorro;90.00;Artesanal;Bricolaje;https://loremflickr.com/640/480/food
Guapa Metal Pollo;578.00;Guapa;Deportes;https://loremflickr.com/640/480/food
Sorprendente Plástico Salchichas;484.00;Guapa;Electrónica;https://loremflickr.com/640/480/food
Hecho a mano Hormigon Gorro;121.00;Artesanal;Papelería;https://loremflickr.com/640/480/food
Refinado Granito Raton;349.00;Artesanal;Bebes;https://loremflickr.com/640/480/food
Guapa Metal Raton;784.00;Pequeño;Videojuegos;https://loremflickr.com/640/480/food
Artesanal Madera Coche;499.00;Pequeño;Marroquinería;https://loremflickr.com/640/480/food
Sorprendente Algodón Pescado;536.00;Sorprendente;Música;https://loremflickr.com/640/480/food
Artesanal Madera Toallas;421.00;Refinado;Decoración;https://loremflickr.com/640/480/food
Fantástico Granito Zapatos;583.00;Guapa;Salud;https://loremflickr.com/640/480/food
Inteligente Hormigon Bicicleta;535.00;Ergonómico;Electrónica;https://loremflickr.com/640/480/food
Guapo Plástico Silla;841.00;Práctico;Joyería;https://loremflickr.com/640/480/food
Refinado Algodón Pescado;122.00;Fantástico;Marroquinería;https://loremflickr.com/640/480/food
Pequeño Hormigon Coche;841.00;Increible;Música;https://loremflickr.com/640/480/food
